"","GREB1l_pos2202893","GREB1l_pos2232335","GREB1l_pos2152693","GREB1l_pos2236519","GREB1l_pos2154761","GREB1l_pos2242614","GREB1l_pos2194538","GREB1l_pos2250316","GREB1l_pos2198644","GREB1l_pos2263077","GREB1l_pos2199210","GREB1l_pos2275162","GREB1l_pos2200828","GREB1l_pos2284749","Samples"
"1","Het","Het","Het","Het","Het","Het","Het","Het","Het","Het","Het","Het","Het","Het","MIL24_2_E_1"
"2","early","early","early","early","early","early","early","early","early","early","early","early","early","early","MIL24_5_A_2"
"3","Het","late","Het","Het","Het","late","Het","late","Het","late","Het","late","Het","late","CLR24_5_A_4"
"4","Het","Het","Het","Het","Het","Het","Het","Het","Het","Het","Het","Het","Het","Het","YUR24_5_A_9"
"5","No Call","Het","Het","Het","Het","Het","Het","Het","Het","Het","Het","Het","Het","Het","F6124_5_A_12"
"6","late","late","No Call","Het","late","late","late","late","late","late","late","late","late","late","TIS24_5_A_9"
"7","Het","Het","Het","Het","Het","Het","Het","Het","Het","Het","Het","Het","Het","Het","TIS24_6_A_23"
"8","Het","Het","Het","Het","Het","Het","Het","Het","Het","Het","Het","Het","Het","Het","MIL24_6_A_5"
"9","Het","Het","Het","Het","Het","Het","Het","Het","Het","Het","Het","Het","Het","Het","F6124_6_A_29"
"10","early","Het","early","Het","early","Het","early","Het","early","Het","early","Het","early","Het","TIS24_5_A_7"
"11","Het","Het","Het","Het","Het","Het","Het","Het","Het","Het","Het","Het","Het","Het","C240415SWP"
"12","early","early","early","early","early","early","early","early","early","early","early","No Call","early","early","C241248CVP"
"13","Het","Het","Het","Het","Het","Het","Het","Het","Het","Het","Het","Het","No Call","Het","DEL24_2_A_1"
"14","Het","late","Het","Het","Het","late","Het","Het","Het","Het","Het","Het","Het","Het","TIS24_5_A_12"
"15","Het","Het","Het","Het","Het","Het","Het","Het","Het","Het","Het","Het","Het","Het","F6124_5_A_42"
"16","Het","Het","Het","Het","Het","Het","Het","Het","Het","Het","Het","Het","Het","Het","F6124_6_A_47"
"17","Het","Het","Het","Het","Het","Het","Het","Het","Het","Het","Het","Het","Het","Het","MIL24_6_A_12"
"18","early","early","early","early","early","early","early","early","early","early","early","early","early","early","TIS24_6_A_6"
"19","Het","Het","Het","Het","Het","Het","Het","Het","Het","Het","Het","Het","Het","Het","F6124_6_A_28"
"20","Het","Het","Het","Het","Het","Het","Het","Het","Het","Het","Het","Het","Het","Het","CLR24_5_A_7"
"21","Het","Het","late","Het","late","Het","Het","Het","Het","Het","Het","Het","Het","Het","TIS24_6_A_15"
"22","Het","Het","Het","Het","Het","Het","Het","Het","Het","Het","Het","Het","Het","Het","F6124_6_A_54"
"23","early","Het","early","Het","early","Het","early","early","early","early","early","early","early","early","C240427SWP"
"24","early","early","early","early","early","early","early","early","early","early","early","early","early","early","C241264CVP"
"25","Het","Het","Het","Het","Het","Het","Het","early","Het","early","Het","early","Het","early","TIS24_5_A_10"
"26","Het","Het","Het","Het","Het","Het","Het","Het","Het","Het","Het","Het","Het","Het","F6124_6_A_80"
"27","Het","Het","Het","Het","Het","Het","Het","Het","Het","Het","Het","Het","Het","Het","CLR24_5_A_20"
"28","Het","Het","Het","Het","Het","Het","Het","Het","Het","Het","Het","Het","Het","Het","F6124_6_A_40"
"29","Het","Het","Het","Het","Het","Het","Het","Het","Het","Het","Het","Het","Het","Het","DEL24_6_A_4"
"30","Het","Het","Het","Het","Het","Het","Het","Het","Het","Het","Het","Het","Het","Het","F6124_6_A_17"
"31","early","Het","early","Het","early","Het","early","Het","early","Het","early","Het","early","Het","DEL24_5_B_1"
"32","Het","late","Het","Het","Het","late","Het","late","Het","late","Het","late","Het","late","F1724_4_A_3"
"33","Het","Het","Het","Het","Het","Het","Het","Het","Het","Het","Het","Het","Het","Het","TIS24_5_B_4"
"34","Het","late","Het","Het","Het","late","Het","late","Het","late","Het","Het","Het","Het","TIS24_5_A_5"
"35","early","Het","early","Het","early","Het","early","early","early","early","early","early","early","early","C240428SWP"
"36","early","Het","early","Het","early","Het","early","early","early","early","early","early","early","early","C241281CVP"
"37","Het","Het","Het","Het","Het","late","Het","Het","Het","Het","Het","Het","Het","Het","YUR24_5_A_20"
"38","Het","late","Het","Het","Het","late","Het","late","Het","late","Het","late","Het","late","MIL24_5_A_5"
"39","Het","Het","Het","Het","Het","Het","Het","Het","Het","Het","Het","Het","Het","Het","F1724_5_A_19"
"40","Het","Het","Het","Het","Het","Het","Het","Het","Het","Het","Het","Het","Het","Het","F6124_6_A_11"
"41","Het","Het","No Call","No Call","early","Het","Het","Het","No Call","Het","Het","late","No Call","No Call","F1724_5_A_22"
"42","Het","No Call","Het","No Call","No Call","No Call","No Call","No Call","No Call","No Call","Het","Het","Het","Het","F6124_5_A_59"
"43","Het","late","Het","Het","Het","late","Het","late","Het","late","Het","Het","Het","Het","MIL24_5_A_7"
"44","Het","Het","Het","Het","Het","Het","Het","Het","Het","Het","Het","Het","Het","Het","F6124_6_A_91"
"45","Het","Het","Het","Het","Het","Het","Het","Het","Het","Het","Het","Het","Het","Het","F6124_6_A_33"
"46","late","late","late","Het","late","late","late","No Call","late","late","late","late","late","late","TIS24_5_D_3"
"47","Het","Het","Het","Het","Het","Het","Het","Het","Het","Het","Het","Het","Het","Het","C240429SWP"
"48","late","late","late","Het","late","late","late","late","late","late","late","late","late","late","F030013DER-Cont"
"49","Het","Het","Het","Het","Het","Het","Het","Het","Het","Het","Het","Het","Het","Het","F6124_6_A_10"
"50","Het","Het","Het","Het","Het","Het","Het","Het","Het","Het","Het","No Call","Het","Het","CLR24_6_A_13"
"51","Het","Het","early","Het","early","Het","Het","Het","Het","Het","Het","Het","Het","Het","KNL24_5_A_7"
"52","Het","Het","Het","Het","Het","Het","Het","Het","Het","Het","Het","Het","Het","Het","F1724_5_A_20"
"53","Het","late","Het","Het","Het","late","Het","No Call","Het","No Call","No Call","early","Het","Het","DEL24_5_A_10"
"54","early","late","early","Het","early","late","early","late","early","late","early","late","early","late","TIS24_5_D_2"
"55","Het","Het","Het","Het","Het","Het","Het","Het","Het","Het","Het","Het","Het","Het","F1724_4_A_6"
"56","Het","late","Het","Het","Het","late","Het","late","Het","late","Het","late","Het","late","MIL24_6_A_6"
"57","Het","Het","Het","Het","Het","Het","Het","Het","Het","Het","Het","Het","Het","Het","F6124_6_A_12"
"58","late","late","late","Het","late","late","late","late","late","late","late","late","late","late","C240002SWP"
"59","early","Het","early","Het","early","Het","early","early","early","early","early","early","early","early","C240433SWP"
"60","late","late","late","Het","late","late","late","late","late","late","late","late","late","late","L000001BUT-Cont"
"61","Het","Het","Het","Het","Het","Het","Het","Het","Het","Het","Het","Het","Het","Het","YUR24_5_A_19"
"62","Het","late","Het","Het","Het","late","Het","late","Het","late","Het","late","Het","late","YUR24_6_A_6"
"63","Het","late","Het","Het","Het","late","Het","late","Het","late","Het","late","Het","late","F6124_6_A_75"
"64","Het","Het","Het","Het","Het","Het","Het","Het","Het","Het","Het","Het","Het","Het","CLR24_6_A_8"
"65","Het","Het","Het","Het","Het","Het","Het","Het","Het","Het","Het","Het","Het","Het","F1724_5_A_8"
"66","Het","late","Het","Het","Het","late","Het","late","Het","late","Het","late","Het","late","F6124_5_A_27"
"67","Het","Het","Het","Het","Het","Het","Het","Het","Het","Het","Het","Het","Het","Het","YUR24_5_A_16"
"68","Het","Het","Het","Het","Het","Het","Het","Het","Het","Het","Het","Het","Het","Het","TIS24_6_B_1"
"69","Het","Het","Het","Het","Het","Het","Het","Het","Het","Het","Het","Het","Het","Het","TIS24_6_A_18"
"70","late","late","late","Het","late","late","late","late","late","late","late","late","late","late","C240084SWP"
"71","late","late","late","Het","late","late","late","late","late","late","late","late","late","late","C241110CVP"
"72","early","Het","early","Het","early","Het","early","Het","early","Het","early","Het","early","Het","S020021MIL-Cont"
"73","Het","Het","Het","Het","Het","Het","Het","Het","Het","Het","Het","Het","Het","Het","YUR24_5_A_12"
"74","Het","late","Het","Het","Het","late","Het","Het","Het","Het","Het","Het","Het","Het","TIS24_6_A_17"
"75","late","late","late","Het","late","late","late","late","late","late","late","late","late","late","TIS24_5_A_20"
"76","Het","Het","Het","Het","Het","Het","Het","Het","Het","Het","Het","Het","Het","Het","F6124_6_A_60"
"77","Het","Het","Het","Het","Het","Het","Het","Het","Het","Het","Het","Het","Het","Het","TIS24_5_A_18"
"78","Het","Het","Het","Het","Het","Het","Het","Het","Het","Het","Het","Het","Het","Het","F1724_6_A_9"
"79","Het","Het","Het","Het","Het","Het","Het","Het","Het","Het","Het","late","Het","late","F6124_6_A_37"
"80","Het","late","Het","Het","Het","late","Het","Het","Het","Het","Het","Het","Het","Het","TIS24_5_A_30"
"81","Het","Het","Het","Het","Het","Het","Het","Het","Het","Het","Het","Het","Het","Het","DEL24_6_A_10"
"82","early","early","early","early","early","early","early","early","early","early","early","early","early","early","C240191SWP"
"83","early","Het","early","Het","early","Het","early","early","early","early","early","early","early","early","C241213CVP"
"84","No Call","No Call","No Call","No Call","No Call","No Call","No Call","No Call","No Call","No Call","No Call","No Call","No Call","No Call","W012030USR-Cont"
"85","Het","Het","Het","Het","Het","Het","Het","Het","Het","Het","Het","Het","Het","Het","F6124_6_A_35"
"86","Het","Het","Het","Het","Het","Het","Het","Het","Het","Het","Het","Het","Het","Het","F6124_6_A_84"
"87","Het","Het","Het","Het","Het","Het","Het","Het","Het","Het","Het","Het","Het","Het","F6124_5_A_28"
"88","Het","No Call","Het","Het","Het","Het","Het","Het","Het","Het","Het","Het","Het","Het","F6124_5_A_55"
"89","Het","Het","Het","Het","Het","Het","Het","Het","Het","Het","Het","Het","Het","Het","CLR24_6_A_16"
"90","early","early","early","early","early","early","early","early","early","early","early","early","early","early","KNL24_5_A_1"
"91","Het","Het","Het","Het","Het","Het","Het","Het","Het","Het","Het","Het","Het","Het","F1724_6_A_5"
"92","Het","Het","Het","Het","Het","Het","Het","Het","Het","Het","Het","Het","Het","Het","CLR24_5_A_17"
"93","Het","Het","Het","Het","Het","Het","Het","Het","Het","Het","Het","Het","Het","Het","MIL24_6_A_7"
"94","early","Het","early","Het","early","Het","early","early","early","early","early","early","early","early","C240359SWP"
"95","early","Het","early","Het","early","Het","early","early","early","early","early","early","early","early","C241237CVP"
"96","Invalid","Invalid","NTC","NTC","NTC","NTC","NTC","Invalid","NTC","NTC","NTC","NTC","NTC","NTC","Neg"
