Chip Run Info,C:\Users\sbrown\OneDrive - California Department of Water Resources\Salvage Pilot Study Documents\Fluidigm Data\20240321_Salvage_JPE\ChipRun.bml,1383082120,96.96 (138x),GT End Point v1,ROX,SNPtype-FAM : SNPtype-HEX,3/21/2024 11:53,0:00:22,BIOMARKHD587,,,,,,,,,,,,,,,,,,,,,,,,,,,,,,,,,,,,,,,,,,,,,,,,,,,,,,,,,,,,,,,,,,,,,,,,,,,,,,,,,,,,,,,,
Application Version,4.1.3,,,,,,,,,,,,,,,,,,,,,,,,,,,,,,,,,,,,,,,,,,,,,,,,,,,,,,,,,,,,,,,,,,,,,,,,,,,,,,,,,,,,,,,,,,,,,,,,
Application Build,20140305.15,,,,,,,,,,,,,,,,,,,,,,,,,,,,,,,,,,,,,,,,,,,,,,,,,,,,,,,,,,,,,,,,,,,,,,,,,,,,,,,,,,,,,,,,,,,,,,,,
Export Type,Call Map Results : Inlet-based View,Standard,,,,,,,,,,,,,,,,,,,,,,,,,,,,,,,,,,,,,,,,,,,,,,,,,,,,,,,,,,,,,,,,,,,,,,,,,,,,,,,,,,,,,,,,,,,,,,,
Number of Combined Chip Runs,1,9216,,,,,,,,,,,,,,,,,,,,,,,,,,,,,,,,,,,,,,,,,,,,,,,,,,,,,,,,,,,,,,,,,,,,,,,,,,,,,,,,,,,,,,,,,,,,,,,
Confidence Threshold,65,,,,,,,,,,,,,,,,,,,,,,,,,,,,,,,,,,,,,,,,,,,,,,,,,,,,,,,,,,,,,,,,,,,,,,,,,,,,,,,,,,,,,,,,,,,,,,,,
Normalization Method,SNPtype Normalization,,,,,,,,,,,,,,,,,,,,,,,,,,,,,,,,,,,,,,,,,,,,,,,,,,,,,,,,,,,,,,,,,,,,,,,,,,,,,,,,,,,,,,,,,,,,,,,,
Allele Probe Type Mapping,Allele X,SNPtype-FAM,,,,,,,,,,,,,,,,,,,,,,,,,,,,,,,,,,,,,,,,,,,,,,,,,,,,,,,,,,,,,,,,,,,,,,,,,,,,,,,,,,,,,,,,,,,,,,,
Allele Probe Type Mapping,Allele Y,SNPtype-HEX,,,,,,,,,,,,,,,,,,,,,,,,,,,,,,,,,,,,,,,,,,,,,,,,,,,,,,,,,,,,,,,,,,,,,,,,,,,,,,,,,,,,,,,,,,,,,,,
Allele Axis Mapping,Allele X,X,,,,,,,,,,,,,,,,,,,,,,,,,,,,,,,,,,,,,,,,,,,,,,,,,,,,,,,,,,,,,,,,,,,,,,,,,,,,,,,,,,,,,,,,,,,,,,,
Allele Axis Mapping,Allele Y,Y,,,,,,,,,,,,,,,,,,,,,,,,,,,,,,,,,,,,,,,,,,,,,,,,,,,,,,,,,,,,,,,,,,,,,,,,,,,,,,,,,,,,,,,,,,,,,,,
,,,,,,,,,,,,,,,,,,,,,,,,,,,,,,,,,,,,,,,,,,,,,,,,,,,,,,,,,,,,,,,,,,,,,,,,,,,,,,,,,,,,,,,,,,,,,,,,,
,,,,,,,,,,,,,,,,,,,,,,,,,,,,,,,,,,,,,,,,,,,,,,,,,,,,,,,,,,,,,,,,,,,,,,,,,,,,,,,,,,,,,,,,,,,,,,,,,
SNP Calls,,,,,,,,,,,,,,,,,,,,,,,,,,,,,,,,,,,,,,,,,,,,,,,,,,,,,,,,,,,,,,,,,,,,,,,,,,,,,,,,,,,,,,,,,,,,,,,,,
,,01,02,03,04,05,06,07,08,09,10,11,12,13,14,15,16,17,18,19,20,21,22,23,24,25,26,27,28,29,30,31,32,33,34,35,36,37,38,39,40,41,42,43,44,45,46,47,48,49,50,51,52,53,54,55,56,57,58,59,60,61,62,63,64,65,66,67,68,69,70,71,72,73,74,75,76,77,78,79,80,81,82,83,84,85,86,87,88,89,90,91,92,93,94,95,96
,,MikesSNP1,Ots_GVL000057,Ots_GVL000074,Ots_GVL000119,Ots-GVL-A000166,Ots-GVL-A000177,Ots-GVL-A000186,Ots-GVL-A000202,Ots-GVL-A000217,Ots-GVL-A000231,Ots-GVL-A000246,GREB1l_pos2202893,MikesSNP2,Ots_GVL000060,Ots_GVL000077,Ots_GVL000125,Ots-GVL-A000168,Ots-GVL-A000178,Ots-GVL-A000187,Ots-GVL-A000205,Ots-GVL-A000220,Ots-GVL-A000233,Ots-GVL-A000247,GREB1l_pos2232335,Ots_GVL000009,Ots_GVL000061,Ots_GVL000081,Ots_GVL000130,Ots-GVL-A000171,Ots-GVL-A000179,Ots-GVL-A000188,Ots-GVL-A000206,Ots-GVL-A000221,Ots-GVL-A000237,GREB1l_pos2152693,GREB1l_pos2236519,Ots_GVL000013,Ots_GVL000062,Ots_GVL000093,Ots_GVL000131,Ots-GVL-A000172,Ots-GVL-A000180,Ots-GVL-A000189,Ots-GVL-A000208,Ots-GVL-A000223,Ots-GVL-A000238,GREB1l_pos2154761,GREB1l_pos2242614,Ots_GVL000022,Ots_GVL000064,Ots_GVL000097,Ots_GVL000150,Ots-GVL-A000173,Ots-GVL-A000181,Ots-GVL-A000190,Ots-GVL-A000209,Ots-GVL-A000224,Ots-GVL-A000241,GREB1l_pos2194538,GREB1l_pos2250316,Ots_GVL000039,Ots_GVL000065,Ots_GVL000103,Ots_GVL000151,Ots-GVL-A000174,Ots-GVL-A000183,Ots-GVL-A000196,Ots-GVL-A000212,Ots-GVL-A000225,Ots-GVL-A000243,GREB1l_pos2198644,GREB1l_pos2263077,Ots_GVL000052,Ots_GVL000066,Ots_GVL000106,Ots-GVL-A000163,Ots-GVL-A000175,Ots-GVL-A000184,Ots-GVL-A000199,Ots-GVL-A000214,Ots-GVL-A000227,Ots-GVL-A000244,GREB1l_pos2199210,GREB1l_pos2275162,Ots_GVL000056,Ots_GVL000071,Ots_GVL000118,Ots-GVL-A000164,Ots-GVL-A000176,Ots-GVL-A000185,Ots-GVL-A000201,Ots-GVL-A000215,Ots-GVL-A000230,Ots-GVL-A000245,GREB1l_pos2200828,GREB1l_pos2284749
01,MIL24_2_E_1,XY,YY,XY,XX,XY,XX,XY,XY,XX,XX,YY,XY,XY,YY,YY,YY,XX,XX,XY,XY,XX,YY,XY,XY,XX,XX,XX,XY,XX,XY,XY,XY,XY,XX,XY,XY,XX,XX,XY,YY,XY,XX,XX,YY,XX,XY,XY,XY,XY,YY,YY,YY,XY,XX,XX,YY,YY,XY,XY,XY,XY,XY,XY,XX,XY,XX,XX,XX,YY,YY,XY,XY,XY,XX,YY,YY,XY,YY,XY,YY,XY,YY,XY,XY,XY,XY,YY,XY,YY,XY,XY,XX,XY,XY,XY,XY
02,MIL24_5_A_2,YY,YY,XX,XX,XY,XX,XX,XY,XY,YY,XX,YY,YY,YY,YY,XY,XX,YY,XY,XX,YY,YY,YY,YY,YY,XX,XX,XY,XX,XX,XY,XX,XX,XX,XX,YY,XX,XY,XY,XY,XX,XY,XX,XY,XX,XX,XX,YY,YY,YY,YY,XX,XY,XY,YY,XY,YY,YY,XX,YY,XY,XY,XY,XY,XY,XX,XY,YY,XX,YY,XX,YY,XX,XY,XY,XY,XY,XY,XX,YY,YY,YY,XX,YY,XX,XX,XY,YY,XY,YY,YY,XX,YY,XY,XX,YY
03,CLR24_5_A_4,XY,YY,XX,XY,XY,XX,XX,YY,XX,XX,XY,XY,XX,XY,YY,YY,XX,YY,YY,YY,XY,YY,XX,XX,XY,XX,XX,YY,XX,XY,YY,XX,XY,XX,XY,XY,XY,XY,XX,YY,XX,YY,XX,XY,XY,XY,XY,XX,XY,YY,YY,YY,YY,XY,XY,XX,YY,YY,XY,XX,XY,XY,XY,XX,XX,YY,YY,XY,YY,YY,XY,XX,XY,XX,YY,YY,XX,XX,YY,YY,XY,XX,XY,XX,XX,YY,YY,XY,YY,XY,XX,YY,YY,YY,XY,XX
04,YUR24_5_A_9,XY,YY,XX,XY,XX,XX,XX,XY,XY,XX,XY,XY,XY,YY,YY,XY,XX,XY,YY,YY,XY,YY,XY,XY,XY,XY,XX,XY,XX,XY,No Call,XY,XY,XX,XY,XY,XX,XY,XY,YY,YY,YY,XX,YY,XX,XX,XY,XY,XX,YY,YY,XY,XX,XX,YY,YY,XY,XY,XY,XY,XY,XY,YY,XX,XX,XY,XY,XX,XX,YY,XY,XY,YY,XX,YY,YY,XX,XY,XY,YY,XY,YY,XY,XY,XX,XY,YY,XY,YY,XY,YY,YY,YY,XY,XY,XY
05,F6124_5_A_12,XY,YY,No Call,XY,XX,XY,XX,YY,XX,XX,XX,No Call,XY,YY,YY,YY,XY,XX,YY,XY,XX,YY,YY,XY,XY,XX,XY,XX,XY,XY,XY,XX,XY,XX,XY,XY,XX,XX,XX,YY,XY,YY,XY,YY,XX,XX,XY,XY,XY,YY,XY,XY,XX,XX,XX,No Call,YY,YY,XY,XY,YY,No Call,XY,XX,XX,XY,XY,YY,YY,YY,XY,XY,XY,XX,YY,XY,XX,XX,XY,YY,XY,YY,XY,XY,XY,YY,YY,XY,XX,XX,XY,XX,YY,YY,XY,XY
06,TIS24_5_A_9,XX,YY,XY,YY,XY,XX,XY,XY,XY,YY,XX,XX,XX,YY,YY,YY,XX,XY,No Call,XX,XY,YY,XY,XX,XY,XX,XX,YY,XY,XX,XY,YY,XY,XX,No Call,XY,XX,XY,YY,YY,XY,XY,XX,XY,XY,XX,YY,XX,YY,YY,XY,XY,XY,No Call,YY,YY,XX,XX,YY,XX,YY,XY,XY,XY,XX,YY,XX,YY,XY,YY,YY,XX,XY,XY,No Call,YY,No Call,YY,XX,XY,XY,YY,YY,XX,XY,YY,YY,XY,YY,YY,XY,YY,No Call,YY,YY,XX
07,TIS24_6_A_23,XY,YY,YY,YY,XY,XX,YY,XY,XY,XX,No Call,XY,XY,YY,YY,YY,XY,YY,YY,XY,XX,YY,XX,XY,YY,XX,XX,XY,XX,XY,XY,XY,XY,XY,XY,XY,XX,XX,XX,YY,YY,YY,XX,YY,XX,XY,XY,XY,XX,YY,YY,XY,XX,No Call,YY,YY,XX,XY,XY,XY,XY,XY,YY,XY,XX,YY,XY,XY,XY,YY,XY,XY,XY,XX,YY,YY,No Call,XY,No Call,XX,XX,YY,XY,XY,XY,YY,YY,XX,YY,YY,YY,YY,XY,YY,XY,XY
08,MIL24_6_A_5,XY,XY,YY,XY,XX,No Call,XY,YY,XX,XX,No Call,XY,XY,XY,YY,YY,XY,XY,YY,YY,XX,YY,XX,XY,YY,XX,XX,XX,XY,XX,XY,XY,XY,XY,XY,XY,No Call,XX,XY,YY,XY,XY,XX,YY,XX,XY,XY,XY,XY,YY,YY,XY,XY,XX,XX,YY,XY,XY,XY,XY,XX,XX,YY,XX,XX,YY,YY,XX,XY,YY,XY,XY,XY,XX,YY,YY,No Call,XY,XY,YY,XY,YY,XY,XY,XX,YY,YY,XX,No Call,XX,XX,XY,XY,YY,XY,XY
09,F6124_6_A_29,XY,YY,XX,XY,YY,XX,XY,XY,XY,XX,No Call,XY,XY,YY,YY,YY,XY,XX,YY,XX,XX,YY,XX,XY,YY,XX,XX,YY,XX,XY,XY,XX,XY,XY,XY,XY,XX,XX,XY,YY,YY,XY,XX,XY,XX,XY,XY,XY,XY,YY,YY,XY,XX,No Call,XY,YY,XY,XY,XY,XY,XY,XY,XY,XX,No Call,XY,XY,XX,YY,YY,XY,XY,XY,XX,YY,XY,No Call,YY,XX,YY,XY,YY,XY,XY,XY,XY,YY,XX,No Call,XY,XY,XY,YY,YY,XY,XY
10,TIS24_5_A_7,YY,YY,XX,YY,XX,XX,YY,XY,XX,XX,XX,YY,XY,XY,YY,YY,XX,XX,XX,YY,XX,YY,XY,XY,XY,XX,XX,YY,XY,XY,YY,XX,XY,XY,XX,XY,XX,XX,XY,YY,XX,XY,XX,YY,XX,XY,XX,XY,XX,YY,YY,XY,XX,XX,XY,YY,YY,XY,XX,XY,XX,XY,YY,XX,XX,XY,XY,XY,XY,YY,XX,XY,YY,XY,YY,YY,No Call,XY,XY,YY,XY,XY,XX,XY,XX,YY,YY,XX,YY,XX,XY,XY,XY,YY,XX,XY
11,C240415SWP,XY,YY,XY,YY,XY,XX,XY,YY,XY,XX,No Call,XY,XY,YY,YY,YY,XX,YY,No Call,XY,YY,YY,YY,XY,XY,XX,XX,XY,XX,XY,YY,YY,XY,XX,XY,XY,XX,XY,YY,YY,XY,YY,XY,XY,XY,XX,XY,XY,XX,YY,YY,YY,XX,No Call,XX,YY,XY,XX,XY,XY,XX,XY,YY,XX,XX,XY,XY,XX,XY,YY,XY,XY,XY,XX,YY,XY,YY,XY,XX,YY,XY,XY,XY,XY,XY,XY,YY,No Call,YY,XY,YY,YY,XY,XY,XY,XY
12,C241248CVP,YY,YY,XX,XY,YY,XX,YY,YY,XY,XX,XX,YY,YY,YY,YY,YY,XX,XY,No Call,YY,YY,YY,XX,YY,YY,XX,XX,XY,XX,XX,XY,XX,XY,XY,XX,YY,XX,XY,XY,No Call,XX,XX,XX,YY,XX,XX,XX,YY,XY,XY,YY,No Call,YY,XX,XY,YY,YY,XX,XX,YY,XX,XY,XY,XX,XX,XX,YY,XX,YY,YY,XX,YY,XY,XX,YY,YY,YY,XY,XY,XY,No Call,XY,XX,No Call,No Call,YY,No Call,No Call,XX,XY,YY,XY,YY,YY,XX,YY
13,DEL24_2_A_1,XY,XX,XX,XX,XY,YY,XX,XX,XX,XX,XX,XY,XY,XX,XX,YY,XX,XX,YY,XX,YY,YY,YY,XY,XY,XY,XY,XY,YY,XX,XY,YY,XX,XX,XY,XY,XX,YY,XY,XX,XX,YY,XX,XY,XX,YY,XY,XY,XY,XY,XY,XY,XY,XX,XX,XX,XY,YY,XY,XY,XY,XX,XY,XX,YY,XX,XY,XY,XY,XY,XY,XY,XY,XY,XY,XX,XX,XX,YY,XY,XY,XX,XY,XY,XX,YY,XY,YY,YY,XY,YY,XX,YY,XY,No Call,XY
14,TIS24_5_A_12,XY,YY,XY,XY,XY,XY,XX,YY,XY,XX,XX,XY,XX,YY,YY,YY,XX,YY,XX,XY,XY,YY,XY,XX,XY,XX,XX,XY,YY,XX,YY,XX,XX,XY,XY,XY,XX,XX,XY,YY,YY,YY,XX,YY,XX,XY,XY,XX,XY,YY,YY,YY,XX,XY,XX,XY,XY,XX,XY,XY,XY,XY,YY,XX,XX,YY,YY,XX,XY,YY,XY,XY,XY,XX,YY,YY,XX,XX,XX,YY,XX,YY,XY,XY,XX,YY,YY,XX,YY,XX,YY,YY,XY,YY,XY,XY
15,F6124_5_A_42,XY,YY,XX,XX,XY,XX,XY,XY,YY,XX,XY,XY,XY,YY,YY,YY,XX,XY,No Call,No Call,XY,YY,No Call,XY,XY,XY,XX,XY,XX,XY,YY,XY,XX,No Call,XY,XY,XY,XY,XX,YY,YY,No Call,XX,No Call,No Call,XX,XY,XY,YY,XY,YY,XX,XX,No Call,XY,XY,No Call,No Call,XY,XY,YY,YY,YY,XX,XX,YY,XY,XY,XY,YY,XY,XY,No Call,XX,YY,YY,XX,XX,XY,XY,XX,No Call,XY,XY,XX,XY,YY,XY,YY,XY,No Call,YY,XY,YY,XY,XY
16,F6124_6_A_47,XY,YY,XX,YY,XY,XX,YY,XX,XX,YY,XY,XY,XY,YY,YY,YY,XX,XX,XY,XX,XY,YY,XX,XY,YY,XX,XX,YY,XX,XY,XX,YY,XX,XY,XY,XY,XX,XX,YY,YY,YY,YY,XX,XX,XX,XY,XY,XY,XY,YY,YY,YY,XX,YY,XY,YY,YY,XY,XY,XY,XY,XY,YY,XX,XX,XX,XX,XY,XY,YY,XY,XY,XY,XX,XY,YY,XX,XX,XX,YY,XY,XY,XY,XY,XY,YY,XY,YY,YY,XX,YY,XX,XY,YY,XY,XY
17,MIL24_6_A_12,XY,YY,XX,YY,YY,XX,XY,YY,XY,XX,XX,XY,XY,YY,YY,YY,XX,YY,XY,YY,YY,YY,YY,XY,YY,XX,XX,YY,XX,XX,XY,XY,XX,XX,XY,XY,XX,XX,XX,YY,XY,XX,XY,YY,XX,XX,XY,XY,YY,YY,XY,XY,XX,YY,XX,YY,XY,XX,XY,XY,XY,XY,YY,XX,XX,XY,XX,XY,XX,YY,XY,XY,YY,XX,YY,XY,YY,XX,XY,XX,XX,XX,XY,XY,XX,YY,XY,XY,XY,XX,XY,XX,YY,YY,XY,XY
18,TIS24_6_A_6,YY,YY,XX,XY,XY,XX,XY,XY,XY,XX,XY,YY,YY,YY,YY,YY,XX,YY,YY,XX,XY,YY,YY,YY,YY,XX,XX,XY,XX,XY,XY,XX,XX,XX,XX,YY,XX,XX,XY,YY,XX,YY,XX,XY,XX,XX,XX,YY,XY,YY,YY,XY,XY,XX,XY,XY,XX,XY,XX,YY,YY,XX,YY,XX,XX,XX,XY,YY,XY,XY,XX,YY,XY,XX,YY,XY,XY,XX,XY,XY,XY,YY,XX,YY,XX,YY,XY,XY,XY,XX,YY,XY,YY,YY,XX,YY
19,F6124_6_A_28,XY,YY,XX,YY,XX,XY,YY,XX,XX,XX,XX,XY,XY,YY,YY,YY,XX,XY,XY,XY,XY,YY,XX,XY,XY,XX,XX,YY,XX,YY,XX,XY,XX,XY,XY,XY,XX,XX,YY,YY,YY,YY,XX,XX,XX,XX,XY,XY,XY,YY,XY,YY,XY,XY,YY,XX,XY,XY,XY,XY,XX,XY,YY,XX,XX,XX,XX,XY,XX,YY,XY,XY,YY,XX,XY,YY,XY,XX,XX,YY,XX,XY,XY,XY,XY,XY,YY,YY,YY,XY,YY,XY,XY,YY,XY,XY
20,CLR24_5_A_7,XY,XY,XX,YY,XY,XY,XY,XY,YY,XX,XX,XY,XY,XY,YY,YY,XX,XX,XY,YY,XY,YY,XY,XY,YY,XX,XX,XY,YY,XY,YY,XX,XX,YY,XY,XY,XX,XX,YY,YY,XX,XY,XX,XX,XX,XY,XY,XY,XX,YY,XY,YY,XX,XX,XY,YY,XY,XY,XY,XY,XY,XY,YY,XX,XX,YY,XY,YY,XY,YY,XY,XY,XY,XX,YY,YY,XY,YY,XX,YY,XY,YY,XY,XY,XY,XY,YY,XY,YY,XY,YY,XY,YY,YY,XY,XY
21,TIS24_6_A_15,XY,YY,YY,XX,YY,YY,XX,XX,XY,XX,XY,XY,XY,YY,YY,YY,XY,XY,YY,XY,XX,YY,XY,XY,XY,XX,XX,XY,XX,XY,XX,YY,XY,XX,YY,XY,XX,XY,YY,YY,XY,YY,XX,YY,XX,XY,YY,XY,XY,YY,YY,YY,XX,XX,YY,YY,XX,XX,XY,XY,XX,XY,YY,XX,XX,YY,XX,XX,XX,YY,XY,XY,XY,XX,YY,YY,XY,XX,XY,XY,XX,YY,XY,XY,YY,YY,YY,YY,YY,XY,YY,YY,YY,XY,XY,XY
22,F6124_6_A_54,XY,YY,XX,YY,XX,XX,XY,XX,XX,YY,XY,XY,XY,YY,YY,YY,XX,XX,XY,XY,XY,YY,XX,XY,YY,XX,XX,YY,XX,YY,XX,YY,XY,XY,XY,XY,XX,XY,YY,YY,YY,YY,XX,XY,XX,XY,XY,XY,XY,YY,YY,XY,XY,XY,XY,YY,XY,XY,XY,XY,XY,XY,YY,XX,XX,XY,XX,XY,XY,YY,XY,XY,YY,XX,YY,YY,XY,XX,XX,YY,XY,XY,XY,XY,XY,YY,XY,XY,YY,XX,YY,XX,YY,YY,XY,XY
23,C240427SWP,YY,YY,XY,YY,XX,XX,XY,YY,XY,YY,XX,YY,XY,YY,YY,YY,XY,XY,YY,XX,YY,YY,XY,XY,XY,XX,XX,XY,XX,XX,YY,XY,XY,XY,XX,XY,XX,XY,XY,XY,YY,YY,YY,XY,XX,XX,XX,XY,XY,YY,YY,YY,XX,XY,YY,XY,XY,XY,XX,YY,XX,YY,YY,XX,XY,XX,XY,YY,XX,YY,XX,YY,XY,XX,YY,XY,YY,XX,XX,YY,XX,YY,XX,YY,YY,YY,YY,YY,YY,XX,XY,XY,XY,YY,XX,YY
24,C241264CVP,YY,YY,XX,YY,XY,XY,YY,XY,XY,YY,XX,YY,YY,YY,XY,YY,XX,XY,YY,XY,XY,No Call,YY,YY,XY,XX,XX,XY,XY,XX,No Call,XX,XX,XY,XX,YY,XX,XX,XX,YY,XY,XY,XX,XY,XX,XX,XX,YY,XY,YY,YY,XX,XX,XX,YY,XY,XX,XX,XX,YY,YY,XY,YY,XX,XY,XY,XY,XY,XY,XY,XX,YY,YY,XX,YY,XY,YY,XX,XY,XY,XX,YY,XX,YY,XX,YY,YY,XY,XY,XX,XY,XY,YY,YY,XX,YY
25,TIS24_5_A_10,XY,YY,XX,YY,XY,XY,XX,XY,XY,XX,YY,XY,XY,YY,XY,XY,XX,XY,XY,XY,XY,YY,YY,XY,XY,XX,XX,XY,XX,XX,XX,XY,XX,XX,XY,XY,XY,XX,XY,YY,XY,YY,XX,XY,XX,XX,XY,XY,YY,YY,XY,XX,XX,XY,YY,XY,XX,XX,XY,YY,YY,XY,XY,XY,XX,YY,XY,YY,YY,YY,XY,YY,XY,XY,YY,XY,XX,XX,XY,XY,XY,YY,XY,YY,XX,XX,XY,XY,YY,XX,YY,XY,XY,YY,XY,YY
26,F6124_6_A_80,XY,YY,XX,YY,YY,XY,XY,YY,YY,XX,XX,XY,XY,YY,YY,YY,XX,XY,YY,XY,XY,YY,XY,XY,XY,XX,XX,YY,XX,YY,YY,XY,XX,XY,XY,XY,XX,XX,XY,YY,XY,XY,XX,YY,XX,XX,XY,XY,XY,YY,YY,XY,YY,XY,YY,YY,YY,XX,XY,XY,XY,XY,YY,XX,XY,YY,YY,YY,YY,YY,XY,XY,XY,XX,YY,YY,XX,XX,XY,XY,XX,XX,XY,XY,XX,XY,XY,XY,XY,YY,YY,XY,YY,YY,XY,XY
27,CLR24_5_A_20,XY,YY,XX,XY,XY,XX,XY,XY,YY,XX,XY,XY,XY,YY,YY,YY,XY,XY,XY,XY,XX,YY,XY,XY,XY,XX,XX,XY,XY,XY,XY,XY,XY,XX,XY,XY,XY,XX,XX,YY,XY,YY,XX,YY,XX,XX,XY,XY,XX,YY,XY,XY,XX,XX,XX,XY,XY,XX,XY,XY,YY,YY,YY,XX,XX,XY,XY,XX,XX,YY,XY,XY,XY,XX,YY,YY,XX,XY,XY,XX,YY,XY,XY,XY,XY,XY,YY,YY,YY,YY,YY,XX,YY,YY,XY,XY
28,F6124_6_A_40,XY,YY,XX,XY,XY,XX,XX,YY,XY,XX,XY,XY,XY,YY,YY,XY,XY,XX,XY,YY,XX,YY,YY,XY,YY,XX,XX,YY,YY,XY,XY,XY,XX,XY,XY,XY,XX,XX,XY,YY,XX,XY,XY,YY,XX,XX,XY,XY,XY,YY,YY,YY,XX,XX,XY,XY,YY,XX,XY,XY,XY,XY,YY,XX,XY,YY,XX,XY,XY,YY,XY,XY,YY,XX,YY,YY,XX,XX,XY,YY,XX,XY,XY,XY,XX,XY,YY,XX,YY,XY,XY,YY,XY,YY,XY,XY
29,DEL24_6_A_4,XY,YY,XY,YY,XY,XX,XY,XX,XX,XX,XY,XY,XY,YY,YY,YY,XY,XY,XY,YY,XY,YY,YY,XY,XY,XX,XX,YY,XX,XY,XY,YY,XX,YY,XY,XY,XX,XX,XX,YY,XY,YY,XY,XY,XY,XX,XY,XY,XY,YY,YY,YY,XY,XX,YY,XY,XX,XX,XY,XY,XY,XY,YY,XX,XX,XY,XX,XY,XY,YY,XY,XY,XY,XX,YY,XY,XX,XY,XX,YY,XX,YY,XY,XY,XX,XY,YY,XX,XY,XY,XY,XX,XY,YY,XY,XY
30,F6124_6_A_17,XY,YY,XX,YY,XY,XY,XY,XY,XX,YY,XX,XY,XY,YY,YY,YY,XX,XY,XY,XY,YY,YY,XY,XY,XX,XX,XX,YY,XX,YY,XX,YY,XY,XY,XY,XY,XX,XY,YY,YY,YY,YY,XX,XX,XX,XY,XY,XY,XY,YY,YY,XY,XY,XY,XX,XY,XY,XY,XY,XY,XY,XY,YY,XX,XX,XX,XX,XX,XY,YY,XY,XY,YY,XX,YY,YY,No Call,XX,XX,YY,XX,XY,XY,XY,XY,XY,YY,XY,YY,XX,YY,XY,XY,YY,XY,XY
31,DEL24_5_B_1,YY,XX,XX,XY,XY,XX,XX,XX,XX,XX,XY,YY,XY,XX,XX,XX,XX,XY,YY,XX,YY,XX,YY,XY,XY,XY,YY,XX,YY,XX,YY,XY,XX,XX,XX,XY,XX,YY,XX,XX,XY,XY,XX,XX,No Call,XY,XX,XY,XY,XY,XX,YY,XY,XX,XY,XX,XY,YY,XX,XY,XX,XX,YY,XX,YY,XY,YY,YY,XY,XX,XX,XY,XX,No Call,XX,XX,XX,XX,XY,XX,XX,XX,XX,XY,XX,YY,YY,YY,YY,XY,XY,YY,XY,XY,XX,XY
32,F1724_4_A_3,XY,YY,YY,XY,XY,XX,XY,XX,XX,XX,YY,XY,XX,YY,YY,YY,XY,XX,YY,YY,XY,YY,XY,XX,YY,XX,XY,XY,XY,XX,YY,XY,XY,XY,XY,XY,XX,YY,XY,YY,YY,XY,XX,XY,XX,YY,XY,XX,XY,YY,YY,XY,XX,XX,XX,XX,XY,XY,XY,XX,XY,XY,YY,XX,XX,XY,XY,XY,XY,YY,XY,XX,YY,XX,YY,YY,XX,XY,XY,XY,XX,XY,XY,XX,XY,YY,XY,XY,YY,XX,YY,XY,XY,YY,XY,XX
33,TIS24_5_B_4,XY,XX,XX,XX,XY,XX,XX,XY,XX,XX,XX,XY,XY,XX,XX,XY,XY,XX,XX,XX,YY,XY,YY,XY,YY,YY,XY,XX,YY,XX,YY,YY,XX,XX,XY,XY,XX,XY,XX,XX,XY,YY,XX,XY,XX,XX,XY,XY,XX,XY,XX,YY,XX,XX,XY,YY,XY,YY,XY,XY,XY,XY,YY,XX,YY,XY,YY,YY,XX,XY,XY,XY,XX,XY,XY,XX,XX,XX,YY,XY,XX,XX,XY,XY,XX,YY,YY,YY,YY,XY,YY,XY,XY,XY,XY,XY
34,TIS24_5_A_5,XY,YY,XX,YY,XY,XX,XY,YY,YY,YY,XY,XY,XX,YY,YY,YY,XX,XY,YY,XY,XX,YY,YY,XX,XY,XX,XX,XY,XX,XY,No Call,XY,XY,XY,XY,XY,XX,XX,XX,YY,XY,XY,XX,XY,XY,XY,XY,XX,XX,YY,YY,YY,XY,XY,YY,XY,YY,XX,XY,XX,YY,XY,YY,XX,XX,YY,XY,YY,XY,YY,XY,XX,YY,XX,YY,XY,XY,XX,XX,YY,XY,XY,XY,XY,XX,YY,YY,XY,YY,XY,YY,XY,XY,YY,XY,XY
35,C240428SWP,YY,YY,XX,XX,XX,XY,XX,YY,XY,XX,XX,YY,XY,YY,XY,YY,XY,XY,YY,XY,YY,YY,YY,XY,YY,XX,XX,XX,XX,XX,YY,XY,XY,YY,XX,XY,XX,YY,XY,XY,XY,XY,XX,XY,XX,XX,XX,XY,XY,YY,XY,XY,XX,XY,XY,XY,YY,XX,XX,YY,XX,XY,YY,XX,XX,XX,XY,XX,XX,YY,XX,YY,XY,XX,YY,XY,YY,XX,XY,YY,XX,YY,XX,YY,XY,XY,YY,XY,YY,XX,YY,YY,XX,YY,XX,YY
36,C241281CVP,YY,YY,XY,YY,YY,XX,XY,YY,XY,XX,YY,YY,XY,YY,YY,XX,XX,XX,YY,XY,XY,YY,XY,XY,XY,XX,XX,XY,XX,XX,No Call,YY,XX,XY,XX,XY,XY,XY,XY,YY,XY,YY,XX,XY,XX,XY,XX,XY,YY,XX,YY,XX,XY,XY,XY,No Call,XX,YY,XX,YY,XY,XY,XY,XX,XX,XY,YY,YY,XX,YY,XX,YY,XY,XX,YY,XY,XY,XY,XX,YY,XY,XX,XX,YY,XY,XY,YY,XY,YY,YY,YY,XY,XY,YY,XX,YY
37,YUR24_5_A_20,XY,YY,XX,YY,YY,YY,YY,XY,YY,XX,XY,XY,XY,YY,XY,XY,XX,XY,XY,YY,XX,YY,XY,XY,XY,XX,XX,YY,XX,XX,YY,XY,XY,XY,XY,XY,XX,XX,XY,YY,XY,YY,XY,XY,XX,XX,XY,XX,YY,YY,YY,XY,XY,XY,YY,YY,YY,XY,XY,XY,XY,YY,XY,XY,XY,XY,XY,YY,XX,XY,XY,XY,XY,XX,YY,YY,YY,XX,XY,YY,XX,YY,XY,XY,XX,YY,YY,XY,XY,XX,YY,XX,XY,YY,XY,XY
38,MIL24_5_A_5,XY,YY,XX,YY,YY,XY,XY,YY,XX,XX,YY,XY,XX,YY,YY,YY,XY,XX,XY,XX,XY,YY,XX,XX,XY,XX,XX,XY,XX,XX,XY,XY,XX,XX,XY,XY,XX,XX,XY,YY,XY,XY,XX,YY,YY,XX,XY,XX,XY,YY,XY,XX,XX,XX,XX,YY,YY,YY,XY,XX,XX,XY,YY,XX,XY,XX,YY,XY,XY,YY,XY,XX,YY,XX,YY,YY,XY,XY,XX,XY,YY,YY,XY,XX,XX,XY,YY,XY,YY,XY,XY,XY,XY,YY,XY,XX
39,F1724_5_A_19,XY,YY,XY,YY,XY,XY,XX,YY,XX,XX,XX,XY,XY,YY,YY,YY,XX,XY,XY,YY,XX,YY,XY,XY,XX,XX,XX,XY,XX,XY,YY,XY,XY,YY,XY,XY,XX,XY,XX,YY,YY,XY,XX,XX,XX,XX,XY,XY,XX,XY,YY,XY,XX,XY,YY,YY,XY,XY,XY,XY,XY,XY,YY,XX,XX,YY,XX,YY,XX,XY,XY,XY,YY,XY,YY,YY,XX,XY,XY,XY,XX,YY,XY,XY,XX,XY,YY,XY,XY,XY,YY,XY,YY,YY,XY,XY
40,F6124_6_A_11,XY,YY,XX,YY,XX,XX,YY,XY,XX,YY,XX,XY,XY,YY,YY,YY,XX,XX,XY,XX,XY,YY,XY,XY,XY,XX,XX,YY,XX,XY,XX,YY,XY,XY,XY,XY,XX,XX,YY,YY,YY,YY,XX,XY,XX,XX,XY,XY,XY,YY,XY,XY,XY,XY,XY,YY,XY,XY,XY,XY,XX,XY,YY,XX,XX,XX,XX,XY,XX,YY,XY,XY,YY,XX,YY,YY,XX,XX,XY,YY,XX,XY,XY,XY,YY,XY,YY,XY,YY,XX,YY,XY,YY,YY,XY,XY
41,F1724_5_A_22,XY,YY,YY,YY,YY,XY,XY,XX,XY,XX,XX,XY,XY,YY,YY,YY,XX,XX,XX,No Call,XX,YY,XY,XY,XX,XX,XX,XY,XY,YY,XY,YY,XY,XX,No Call,No Call,XX,XY,YY,YY,YY,YY,XX,YY,XY,XY,XX,XY,XY,YY,YY,YY,XY,XY,XX,No Call,XY,YY,XY,XY,XX,XX,YY,XX,XX,YY,YY,YY,XX,YY,No Call,XY,No Call,XY,YY,YY,XX,No Call,XY,YY,XY,XY,XY,XX,XX,XX,YY,XY,YY,YY,YY,XX,YY,YY,No Call,No Call
42,F6124_5_A_59,No Call,YY,YY,YY,XY,XY,XY,XX,XX,XX,XY,XY,XY,YY,YY,YY,XX,YY,YY,XY,XX,XY,XX,No Call,No Call,No Call,No Call,XY,No Call,No Call,No Call,No Call,XX,No Call,XY,No Call,XY,No Call,XY,No Call,No Call,No Call,No Call,No Call,No Call,No Call,No Call,No Call,No Call,No Call,No Call,No Call,No Call,No Call,No Call,No Call,No Call,No Call,No Call,No Call,No Call,No Call,No Call,No Call,XX,No Call,YY,No Call,XY,No Call,No Call,No Call,XY,No Call,No Call,No Call,XY,XY,No Call,XY,No Call,No Call,XY,XY,XX,XY,XY,No Call,No Call,XY,XX,XY,XY,YY,XY,XY
43,MIL24_5_A_7,XY,XY,XY,XY,XX,XY,XY,XY,XX,XX,XY,XY,XX,XY,YY,YY,XY,XY,YY,XY,XX,YY,YY,XX,XY,XX,XX,YY,XY,XX,XY,XX,XY,XX,XY,XY,XY,XX,XX,YY,YY,XY,XY,XX,XX,XX,XY,XX,XX,YY,YY,XY,XY,XY,XY,YY,XX,YY,XY,XX,XY,XY,YY,XX,XY,XY,XY,XY,YY,YY,XY,XX,YY,XX,YY,YY,YY,XX,XY,YY,XY,YY,XY,XY,XY,XY,YY,XX,XY,XX,XY,XX,XY,YY,XY,XY
44,F6124_6_A_91,XY,YY,YY,YY,XX,XX,YY,YY,YY,XX,XY,XY,XY,YY,YY,YY,XX,XY,XY,XX,XY,YY,YY,XY,XY,XX,XX,XY,XY,XX,YY,XX,XX,XX,XY,XY,XX,XY,XX,YY,YY,XY,XX,YY,XX,XY,XY,XY,XY,YY,YY,YY,XY,XY,XX,YY,YY,YY,XY,XY,XY,XX,YY,XX,XX,XX,XY,XX,XX,YY,XY,XY,XY,XY,YY,XY,XY,XX,XY,YY,YY,YY,XY,XY,XX,YY,YY,XY,XY,XY,XY,XX,YY,XY,XY,XY
45,F6124_6_A_33,XY,YY,XX,YY,XX,XY,YY,XX,XX,XX,XY,XY,XY,YY,YY,YY,XY,XX,YY,XX,XY,YY,XX,XY,XX,XX,XX,YY,XX,XY,XX,XY,XX,XY,XY,XY,XX,XX,YY,YY,YY,YY,XX,XX,XX,XX,XY,XY,XY,YY,XY,XX,XY,YY,XY,XY,YY,XY,XY,XY,XY,XY,YY,XX,XX,XY,XX,XX,XY,YY,XY,XY,YY,XX,XY,YY,No Call,XX,XY,YY,XY,XY,XY,XY,XY,XY,YY,XX,YY,XY,YY,XX,XY,YY,XY,XY
46,TIS24_5_D_3,No Call,YY,XY,XY,XY,XY,XY,XY,XY,XX,XY,XX,No Call,YY,No Call,XY,XY,YY,XY,YY,XY,YY,XY,XX,XY,No Call,XX,YY,YY,XX,XY,XY,XY,XX,YY,XY,XY,No Call,YY,YY,YY,YY,XX,YY,XX,XX,YY,XX,XX,YY,XX,XY,XX,YY,XX,XY,XX,YY,YY,No Call,YY,XY,YY,XX,XX,YY,XX,YY,XY,YY,YY,XX,XY,XX,YY,YY,XY,XY,XY,XY,XY,YY,YY,XX,XX,YY,XY,XX,No Call,XY,XY,XY,XX,YY,YY,XX
47,C240429SWP,XY,YY,XY,YY,XX,XY,XX,YY,YY,XX,XY,XY,XY,YY,YY,YY,XY,YY,XY,XY,XY,YY,YY,XY,XY,XX,XX,YY,XX,XY,YY,YY,XX,YY,XY,XY,XX,XY,YY,XY,XX,YY,YY,YY,XX,XX,XY,XY,XX,YY,YY,YY,XY,XY,XY,YY,XX,XX,XY,XY,XX,XY,YY,XX,XY,XY,XY,XX,XY,YY,XY,XY,XY,XX,YY,XY,YY,XX,XX,YY,XY,XY,XY,XY,XY,XY,YY,XY,YY,XX,YY,XY,XY,YY,XY,XY
48,F030013DER-Cont,XX,YY,YY,XY,XY,XX,XY,YY,XY,XX,XY,XX,XX,YY,YY,YY,XX,XY,XY,YY,XX,YY,XX,XX,YY,XX,XX,XY,YY,XX,YY,XY,XX,XY,YY,XY,XY,XY,XY,YY,XY,XX,XX,XY,XX,XY,YY,XX,YY,XY,XY,XY,XX,XY,XX,YY,YY,No Call,YY,XX,XY,XY,XY,XX,XX,YY,XX,XY,XX,YY,YY,XX,YY,XX,YY,YY,XX,XY,XX,XY,XX,XX,YY,XX,XX,XX,YY,XY,XY,XY,XY,XY,XY,XY,YY,XX
49,F6124_6_A_10,XY,YY,XX,XY,XY,XX,XY,XX,YY,XX,XY,XY,XY,YY,YY,YY,XX,XX,XY,XX,XX,YY,XX,XY,XY,XX,XX,XY,XX,XY,XY,XY,XY,XY,XY,XY,XY,XY,YY,YY,XY,XY,YY,YY,XX,XX,XY,XY,XY,YY,YY,YY,XY,XY,XY,YY,YY,YY,XY,XY,XY,XY,XY,XX,XX,XY,XY,XY,XY,YY,XY,XY,YY,XY,YY,YY,XY,YY,XY,YY,XX,XX,XY,XY,XY,XY,XY,XX,YY,YY,XY,YY,XY,YY,XY,XY
50,CLR24_6_A_13,XY,XY,XX,XY,XY,XX,XY,XY,XX,XX,YY,XY,XY,XY,YY,YY,YY,YY,XY,XY,XX,YY,XY,XY,YY,XX,XX,XY,YY,XX,YY,XX,XY,XY,XY,XY,XX,XX,XX,YY,XX,XY,XY,YY,XX,XX,XY,XY,XY,YY,YY,XY,XY,YY,XY,XY,YY,XX,XY,XY,XY,XY,XY,XX,XX,YY,XY,XY,XY,YY,XY,XY,XX,XY,YY,YY,XX,XX,XY,XY,XX,YY,XY,No Call,XX,XY,YY,XY,YY,YY,XX,XY,YY,YY,XY,XY
51,KNL24_5_A_7,XY,YY,XY,YY,XY,XX,YY,YY,YY,XX,XY,XY,XY,YY,YY,XY,YY,XY,YY,YY,XX,YY,XX,XY,XY,XX,XX,XY,XX,XY,XY,XX,XX,XX,XX,XY,XX,XX,XY,YY,YY,YY,XX,XY,XX,XX,XX,XY,XY,YY,XX,XY,XY,XX,XY,XY,YY,XY,XY,XY,XY,XX,YY,XX,XX,XY,XX,YY,YY,YY,XY,XY,YY,XX,YY,YY,XX,XY,YY,XY,XY,YY,XY,XY,XX,YY,XY,XX,XX,XY,XY,YY,YY,XY,XY,XY
52,F1724_5_A_20,XY,YY,XX,YY,XX,XY,YY,XX,YY,XX,XY,XY,XY,YY,YY,YY,XY,XX,XY,XX,XY,XY,XX,XY,XX,XX,XX,XY,XY,XY,XX,XY,XX,XX,XY,XY,XX,XY,YY,YY,YY,XX,XX,YY,XX,XX,XY,XY,XY,YY,XX,YY,XX,XX,XX,XY,XY,XX,XY,XY,XY,XY,YY,XX,XX,XY,XY,XY,XX,YY,XY,XY,YY,XY,YY,YY,XX,XX,XX,XY,XX,YY,XY,XY,XY,XY,XY,XY,XY,YY,XY,XY,YY,YY,XY,XY
53,DEL24_5_A_10,XY,YY,XX,YY,XY,XX,XX,YY,XX,XX,XY,XY,XX,YY,YY,YY,XX,XY,XX,YY,XX,YY,XX,XX,YY,XX,XX,XY,XY,No Call,YY,YY,XY,XY,XY,XY,XX,XY,XY,YY,XY,XY,XX,YY,XX,XX,XY,XX,YY,YY,YY,XX,XX,XX,XY,YY,XY,YY,XY,No Call,XX,XX,XY,XY,XX,XY,YY,XY,XX,No Call,XY,No Call,YY,XX,YY,XY,YY,No Call,YY,YY,XY,XY,No Call,YY,XX,XY,XY,XX,YY,XY,XY,YY,YY,YY,XY,XY
54,TIS24_5_D_2,YY,XX,XX,XY,XX,XX,XY,XY,XX,XX,XY,YY,XX,XX,XY,XX,XY,XX,XX,XX,YY,XY,YY,XX,XY,YY,YY,XX,YY,XX,XY,YY,XX,XX,XX,XY,XX,YY,XX,XX,YY,XX,XX,XY,XX,XX,XX,XX,XY,XX,XX,XX,XY,XX,XY,XX,XX,YY,XX,XX,XY,XY,XY,XX,YY,XY,XY,XY,YY,XX,XX,XX,XX,No Call,XX,XX,XX,XX,YY,XX,XY,XX,XX,XX,XX,XY,YY,YY,YY,YY,XX,XY,XY,XY,XX,XX
55,F1724_4_A_6,XY,YY,XY,YY,XY,XY,XY,YY,YY,XX,XX,XY,XY,YY,XY,YY,XY,XY,XY,XX,XX,XY,XY,XY,XX,XX,XX,XX,XY,XX,XX,XY,XX,XX,XY,XY,XX,XX,XX,YY,YY,XY,XX,XY,XX,XX,XY,XY,XX,YY,XY,YY,XX,XX,XY,YY,XY,XX,XY,XY,YY,XY,XY,XX,XX,XY,XY,XY,XY,YY,XY,XY,YY,XX,YY,YY,XX,XY,XX,YY,XX,XX,XY,XY,XX,YY,YY,YY,XY,YY,YY,XX,YY,YY,XY,XY
56,MIL24_6_A_6,XY,YY,XY,XY,YY,XY,XY,YY,XY,XX,YY,XY,XX,YY,YY,YY,XY,XX,YY,XY,XY,YY,YY,XX,YY,XX,XX,XY,XX,XX,XX,XY,XY,XX,XY,XY,XX,XY,XY,YY,XX,YY,XX,YY,XY,XY,XY,XX,XY,YY,YY,XY,XX,XY,XX,XY,YY,YY,XY,XX,XY,XY,YY,XX,XX,XY,XY,YY,XY,YY,XY,XX,XY,XX,YY,YY,YY,XX,XY,YY,XX,XY,XY,XX,XX,YY,YY,XY,XY,XY,YY,YY,YY,YY,XY,XX
57,F6124_6_A_12,XY,YY,XX,XX,XY,XY,YY,XY,XY,XX,XX,XY,XY,YY,YY,XY,YY,XX,YY,XX,XX,YY,YY,XY,XY,XY,XX,YY,XY,XX,XY,XX,XX,YY,XY,XY,XX,XX,XX,YY,XY,XY,XX,YY,XX,XY,XY,XY,XY,YY,XY,XY,XY,YY,XX,YY,XX,YY,XY,XY,XY,XY,YY,XX,XX,YY,XY,XY,YY,YY,XY,XY,XY,XX,YY,YY,XY,XY,XX,YY,XY,YY,XY,XY,XX,YY,YY,XY,YY,XY,XY,XX,XY,YY,XY,XY
58,C240002SWP,XX,YY,YY,YY,XX,XX,XX,XX,XX,XX,XX,XX,XX,YY,YY,YY,XX,No Call,YY,YY,YY,YY,XX,XX,YY,XX,XX,No Call,XX,YY,YY,YY,XY,XX,YY,XY,XX,XX,XX,YY,YY,YY,XX,XX,No Call,XY,YY,XX,XX,YY,YY,XX,XY,XX,XX,No Call,XY,No Call,YY,XX,YY,No Call,YY,XX,XX,XY,XX,YY,YY,YY,YY,XX,YY,XX,YY,XY,XX,No Call,XX,YY,YY,No Call,YY,XX,XX,YY,XY,XX,YY,XX,YY,YY,YY,XY,YY,XX
59,C240433SWP,YY,XY,XX,XX,XX,XX,XX,XX,XY,XX,XY,YY,XY,YY,XY,XY,XX,XX,XY,YY,XY,XY,YY,XY,YY,XY,XY,XX,XY,XX,XY,XX,XX,XY,XX,XY,XX,XY,XY,XY,XY,XY,XY,YY,XY,XY,XX,XY,XX,XX,XY,XY,XX,XY,XX,YY,YY,YY,XX,YY,XY,XX,YY,XY,XX,YY,YY,XY,XX,XY,XX,YY,XX,XY,XY,XY,XY,XY,XY,XY,XY,XY,XX,YY,XX,XY,YY,YY,XY,YY,XX,XY,XY,XY,XX,YY
60,L000001BUT-Cont,XX,YY,XY,XY,XY,XY,XX,XX,XY,XX,YY,XX,XX,YY,YY,YY,XX,XX,XY,XY,XY,YY,XX,XX,YY,XX,XX,XY,XY,XY,XY,XX,XX,XY,YY,XY,XX,XY,XY,YY,YY,YY,XX,XY,XY,XX,YY,XX,XY,YY,XY,XY,XX,XX,XY,YY,XY,XY,YY,XX,XY,XX,XY,XX,XX,XY,XY,YY,XX,YY,YY,XX,XX,XX,YY,YY,XY,XY,YY,YY,XY,XY,YY,XX,XX,YY,XY,XX,YY,XY,YY,YY,XY,YY,YY,XX
61,YUR24_5_A_19,XY,YY,XX,YY,XY,XX,YY,XY,XX,XX,XY,XY,XY,YY,YY,YY,XX,XY,YY,XY,XX,YY,XY,XY,YY,XX,XX,YY,XY,XX,XY,XX,XX,XX,XY,XY,XX,XX,XY,YY,XY,XY,XX,XY,XY,XY,XY,XY,XX,YY,YY,XY,YY,XY,XX,XY,XX,YY,XY,XY,XY,XY,YY,XX,XY,YY,XY,YY,XY,YY,XY,XY,YY,XX,YY,YY,YY,YY,XY,XY,XY,YY,XY,XY,XX,XY,YY,XX,YY,XY,XY,XX,XY,YY,XY,XY
62,YUR24_6_A_6,XY,YY,XX,XY,XY,XX,YY,XY,YY,XX,YY,XY,XX,YY,YY,XY,XX,XY,YY,XY,XY,YY,YY,XX,YY,XX,XX,XY,XX,XY,XX,XY,XX,YY,XY,XY,XX,XY,XX,YY,YY,YY,XX,XY,XY,XY,XY,XX,XX,YY,XY,XY,XX,XY,XY,YY,XX,XX,XY,XX,XY,YY,YY,XX,XX,XX,XY,YY,XY,YY,XY,XX,XY,XX,YY,YY,XY,XX,XX,YY,XY,YY,XY,XX,YY,YY,XY,XY,YY,YY,XY,XX,YY,YY,XY,XX
63,F6124_6_A_75,XY,YY,XX,YY,XX,XY,XY,XY,XX,XX,XX,XY,XX,YY,YY,YY,XX,YY,YY,XY,XX,YY,XX,XX,XX,XX,XX,XY,XX,XX,No Call,XY,XY,XY,XY,XY,XX,XX,XX,YY,XY,XX,XX,XY,XX,XY,XY,XX,XY,YY,XY,YY,XY,XX,XX,XY,XY,XY,XY,XX,XX,XY,YY,XX,XX,XY,XX,YY,YY,YY,XY,XX,XY,XX,YY,YY,XX,XY,XY,YY,XX,XX,XY,XX,XX,XY,XY,XX,XX,YY,XY,YY,XY,YY,XY,XX
64,CLR24_6_A_8,XY,YY,XY,YY,XX,XY,XY,YY,XY,XX,XY,XY,XY,YY,YY,YY,XX,XX,YY,XX,XX,YY,XX,XY,YY,XX,XX,XY,XY,XX,XY,XY,XX,XY,XY,XY,XX,XY,XY,YY,XY,YY,XX,YY,XY,XX,XY,XY,YY,YY,XY,XX,XX,XX,XX,XY,YY,XY,XY,XY,YY,XX,YY,XX,XY,XY,YY,XY,YY,YY,XY,XY,YY,XY,XY,YY,XX,XY,XY,YY,XY,XY,XY,XY,XX,XX,YY,XY,XX,XX,YY,XY,YY,YY,XY,XY
65,F1724_5_A_8,XY,YY,XX,YY,XY,XX,XY,XY,XX,XX,XY,XY,XY,YY,YY,XY,XX,YY,YY,YY,XY,XY,XY,XY,YY,XX,XY,XY,XX,XX,XX,XY,XY,XY,XY,XY,XX,XX,XY,YY,XY,YY,XX,YY,XX,XX,XY,XY,XX,YY,YY,XY,XX,XX,XY,YY,YY,XY,XY,XY,YY,XX,YY,XY,XY,XY,XY,YY,XX,YY,XY,XY,YY,XX,YY,YY,No Call,YY,YY,YY,YY,XY,XY,XY,XX,XY,YY,YY,YY,XY,YY,XY,YY,XY,XY,XY
66,F6124_5_A_27,XY,YY,XX,XY,XX,XX,XX,XX,XX,XX,XY,XY,XX,YY,YY,YY,XX,XX,YY,YY,XY,YY,XY,XX,XX,XX,XX,XY,XX,XX,XY,XY,XX,XY,XY,XY,XY,XY,XY,YY,YY,XY,XY,YY,XX,XX,XY,XX,YY,YY,XY,XY,XY,XY,XX,XX,XY,XY,XY,XX,XY,XY,XY,XX,XX,XY,XY,XX,XY,XY,XY,XX,XY,XX,YY,YY,XX,XY,XX,YY,XX,XX,XY,XX,XX,XY,YY,XY,YY,XY,XX,XY,XY,XY,XY,XX
67,YUR24_5_A_16,XY,YY,XY,YY,YY,XY,YY,YY,YY,XX,XY,XY,XY,YY,YY,YY,XX,XY,XX,XY,XX,XY,XX,XY,XY,XX,XY,YY,XX,XY,XY,XX,XX,XY,XY,XY,XY,XX,XX,YY,YY,XY,XX,XY,XX,XX,XY,XY,XX,YY,XY,YY,XY,XY,XY,XY,XY,YY,XY,XY,YY,XX,XY,XY,XY,XY,XX,XX,YY,YY,XY,XY,XY,XX,YY,YY,YY,YY,XY,YY,XY,XY,XY,XY,XX,YY,XY,YY,XY,XY,XY,XY,YY,YY,XY,XY
68,TIS24_6_B_1,XY,YY,XX,YY,YY,XX,XY,XX,XX,XX,XX,XY,XY,YY,XY,YY,YY,XY,XY,XY,XY,YY,XX,XY,XY,XX,XX,YY,YY,XX,YY,XY,XX,XY,XY,XY,XX,XX,XX,YY,XY,YY,XX,XY,XX,XY,XY,XY,XX,YY,XX,XX,XX,XY,XY,YY,XX,XY,XY,XY,XY,XY,XY,XX,XX,XY,XY,XY,XY,YY,XY,XY,XY,XX,XY,XX,XX,XY,XY,YY,XY,XY,XY,XY,XX,XX,YY,XX,YY,YY,XY,XX,XX,YY,XY,XY
69,TIS24_6_A_18,XY,YY,XX,XY,XX,YY,YY,YY,XY,XX,XY,XY,XY,YY,XY,YY,XY,XY,YY,YY,XX,YY,XY,XY,YY,XX,XX,YY,XY,XY,YY,XY,XX,XX,XY,XY,XX,XX,XY,YY,XY,XX,XX,XY,XX,XX,XY,XY,XX,YY,YY,XX,XY,XY,XX,YY,XX,XY,XY,XY,XY,XY,XY,XX,XY,YY,XY,XY,XX,YY,XY,XY,YY,XY,YY,YY,XX,XY,XY,YY,XX,XY,XY,XY,XY,YY,XY,XY,XY,YY,XY,XY,XY,YY,XY,XY
70,C240084SWP,XX,YY,XX,YY,XX,XY,XY,YY,XY,XX,XY,XX,XX,YY,YY,YY,XX,YY,XY,XX,XX,YY,XY,XX,YY,XX,XX,YY,XX,XY,YY,YY,XX,XX,YY,XY,XX,XY,XY,YY,YY,XY,XX,XY,XX,XX,YY,XX,XX,YY,YY,XY,XX,XX,XY,XX,YY,XY,YY,XX,YY,XX,XY,XX,XY,YY,XY,YY,XY,YY,YY,XX,YY,XX,YY,YY,XX,XY,YY,XY,XY,YY,YY,XX,XX,XX,YY,XY,YY,XY,YY,XY,XY,YY,YY,XX
71,C241110CVP,XX,YY,YY,XX,XY,XX,XX,XY,XY,XX,XX,XX,XX,YY,YY,YY,XX,XX,YY,XY,XY,YY,YY,XX,YY,XX,XX,YY,XY,XY,XY,XY,XX,XY,YY,XY,XX,XX,XX,YY,YY,YY,XX,XY,XY,XX,YY,XX,XX,YY,YY,XY,XX,XX,XX,YY,YY,XY,YY,XX,XX,XY,YY,XX,XX,YY,XX,XY,XY,YY,YY,XX,XY,XX,YY,XY,XX,XY,XX,YY,YY,XY,YY,XX,XY,YY,XY,XX,YY,XY,YY,XX,XY,YY,YY,XX
72,S020021MIL-Cont,YY,XY,XX,XY,XY,XY,XY,YY,XY,XX,XY,YY,XY,YY,YY,YY,XY,XY,XY,XY,XX,YY,YY,XY,XX,XX,XX,YY,XY,XY,No Call,XY,XX,XY,XX,XY,XY,XX,XX,YY,XY,YY,XY,YY,XX,YY,XX,XY,XX,YY,YY,XY,XX,XY,XX,YY,XY,XY,XX,XY,XX,YY,YY,XX,XX,YY,XY,YY,XY,YY,XX,XY,XX,XY,YY,YY,XX,XY,XY,YY,XX,XX,XX,XY,XY,XX,YY,XY,XY,XY,YY,XX,YY,XY,XX,XY
73,YUR24_5_A_12,XY,YY,XY,YY,XY,XX,XY,XY,YY,XX,XY,XY,XY,YY,YY,XY,YY,XX,XY,YY,XY,XY,XY,XY,YY,XX,XX,YY,XX,XX,YY,XY,XX,XY,XY,XY,XX,XX,YY,YY,YY,XX,XX,YY,XX,XY,XY,XY,YY,YY,YY,XX,XX,XY,YY,YY,XY,XY,XY,XY,XY,XY,XY,XX,XY,XY,XX,XY,XY,YY,XY,XY,YY,XX,YY,XY,XY,XY,XY,YY,XX,YY,XY,XY,XY,XY,YY,XY,YY,XY,XY,XX,YY,YY,XY,XY
74,TIS24_6_A_17,XY,YY,XY,YY,XY,XX,XY,YY,XX,XX,XY,XY,XX,YY,YY,YY,XX,YY,XY,XY,XX,YY,YY,XX,YY,XY,XX,XY,XY,XY,XY,XY,XY,YY,XY,XY,XX,XX,XY,YY,XY,XY,XX,XX,XY,XY,XY,XX,XX,YY,YY,XY,XX,YY,YY,XX,YY,XY,XY,XY,XY,XY,YY,XX,XY,XY,XY,XY,XX,YY,XY,XY,YY,XX,YY,YY,YY,XX,XY,XY,XY,XY,XY,XY,XX,YY,YY,YY,YY,YY,XY,XY,YY,YY,XY,XY
75,TIS24_5_A_20,No Call,YY,XY,YY,XY,XY,XX,YY,XX,XX,XY,XX,XX,YY,YY,XY,XX,XX,YY,XY,XX,XY,YY,XX,YY,XX,XX,XY,XY,XX,YY,XY,XX,XX,YY,XY,XY,XY,XY,YY,YY,XY,XX,YY,XY,XY,YY,XX,XY,YY,YY,YY,XY,XY,XY,YY,XX,XY,YY,XX,XY,XX,XY,XY,XX,YY,XY,YY,XX,YY,YY,XX,XY,XX,YY,XY,XY,XX,XY,XY,XX,XY,YY,XX,XX,XY,YY,XY,XY,XY,XY,XY,XY,YY,YY,XX
76,F6124_6_A_60,XY,YY,XX,YY,YY,XY,XY,YY,YY,YY,XY,XY,XY,YY,YY,YY,XX,XY,XY,XY,YY,YY,XY,XY,XY,XX,XX,XY,XX,YY,YY,XY,XY,XY,XY,XY,XX,XX,XY,YY,XY,XY,YY,XY,XX,XX,XY,XY,XX,YY,YY,XX,XY,XY,XY,YY,YY,XX,XY,XY,XX,XY,YY,XX,XY,XY,XY,YY,XX,YY,XY,XY,XY,XX,YY,YY,XX,XX,XX,XX,YY,YY,XY,XY,XY,XX,YY,XX,YY,XY,XY,XY,XY,YY,XY,XY
77,TIS24_5_A_18,XY,YY,XY,YY,XY,XX,XX,XY,XY,XX,XY,XY,XY,YY,YY,YY,XY,XX,YY,XY,XY,YY,XY,XY,YY,XX,XX,YY,XX,XX,XY,XX,XX,XX,XY,XY,XX,XX,XY,YY,XY,XY,XX,YY,XX,XX,XY,XY,YY,YY,YY,YY,XX,XX,XX,YY,XY,XX,XY,XY,YY,YY,XY,XX,XX,XY,XY,XX,YY,YY,XY,XY,XY,XY,YY,YY,XY,XX,XY,YY,XY,XX,XY,XY,XY,XY,XX,XY,YY,XY,XY,YY,YY,YY,XY,XY
78,F1724_6_A_9,XY,YY,XY,XY,XY,XX,XY,YY,XY,XX,XY,XY,XY,YY,YY,XY,XX,XX,XY,XY,XY,YY,XX,XY,XY,XX,XX,YY,XX,XX,YY,YY,XY,XX,XY,XY,XY,XY,XY,YY,XY,XX,XX,YY,XY,XY,XY,XY,XY,YY,YY,XX,XX,No Call,XY,XY,XY,XY,XY,XY,XY,XX,YY,YY,XX,XY,XY,XY,XY,YY,XY,XY,YY,XX,YY,XY,XX,YY,YY,XX,YY,XY,XY,XY,XX,XY,XY,XY,XY,XY,XY,YY,YY,XY,XY,XY
79,F6124_6_A_37,XY,YY,YY,YY,XY,XY,XX,XY,XX,XX,XX,XY,XY,YY,YY,YY,YY,XX,XX,XY,YY,YY,XY,XY,XX,XX,XX,YY,XX,XX,YY,XY,XX,XY,XY,XY,XX,XX,XX,YY,XY,XX,XX,XY,XX,XY,XY,XY,XY,YY,YY,XX,XX,XY,XX,XY,XY,YY,XY,XY,YY,YY,YY,XX,XX,XY,XY,XY,XX,YY,XY,XY,YY,XY,YY,XY,XX,XX,XY,YY,XY,XY,XY,XX,XX,YY,YY,XX,YY,XX,XY,YY,YY,YY,XY,XX
80,TIS24_5_A_30,XY,YY,XY,XX,XY,YY,XX,XY,XY,YY,XX,XY,XX,YY,YY,YY,XX,XY,YY,XX,XX,YY,XY,XX,XY,XX,XY,XY,XX,XY,XX,XY,XY,XY,XY,XY,XX,XX,XY,YY,XX,XY,XX,XY,XX,XX,XY,XX,XX,YY,XY,XY,XY,XY,YY,XY,XX,XX,XY,XY,YY,XX,YY,XX,XX,XX,XX,XY,XY,YY,XY,XY,XY,XX,YY,XY,XX,YY,XY,YY,XX,YY,XY,XY,XX,YY,YY,XX,XY,XY,XY,XY,XY,YY,XY,XY
81,DEL24_6_A_10,XY,YY,XX,XY,YY,XX,XY,XX,XY,XX,XX,XY,XY,YY,YY,XY,YY,XY,YY,YY,XY,YY,XX,XY,XY,XY,XX,YY,XY,XY,XY,XY,XX,XY,XY,XY,XX,XX,YY,YY,YY,YY,XX,XX,XX,XX,XY,XY,YY,YY,YY,XY,XX,YY,XX,YY,YY,XX,XY,XY,XY,YY,YY,XX,XY,XY,XY,YY,XX,YY,XY,XY,YY,XX,YY,YY,XY,XY,XX,YY,XY,XY,XY,XY,XX,XY,YY,YY,YY,XX,XX,XY,YY,YY,XY,XY
82,C240191SWP,YY,YY,XX,YY,YY,XX,XY,XY,XY,XX,XY,YY,YY,YY,XY,YY,XX,YY,YY,XY,XX,YY,XY,YY,YY,XY,XX,XX,XX,XX,No Call,YY,XY,XY,XX,YY,XX,XY,XX,YY,XY,YY,XX,XX,XX,XX,XX,YY,XX,XY,XY,XY,XY,YY,XX,XX,XY,XY,XX,YY,YY,XY,YY,XX,YY,XX,XY,YY,XY,YY,XX,YY,XY,XX,YY,XY,XY,XY,YY,XY,XY,XX,XX,YY,XX,YY,YY,XY,YY,XY,XY,XX,XX,XY,XX,YY
83,C241213CVP,YY,YY,XX,XY,YY,XY,XX,XX,XY,YY,XY,YY,XY,YY,XY,YY,XX,XY,YY,YY,XY,YY,XY,XY,XY,XX,XX,XX,XX,XY,XY,XY,XX,XX,XX,XY,XX,YY,YY,YY,YY,XX,XX,XY,XX,YY,XX,XY,XY,YY,XY,XX,XX,XX,XY,XY,XY,YY,XX,YY,XY,XY,YY,XX,XX,XY,YY,XY,XY,YY,XX,YY,XY,XX,YY,XY,XX,XY,YY,YY,XX,XY,XX,YY,XY,XY,XY,XX,XY,XY,XY,XY,XX,XY,XX,YY
84,W012030USR-Cont,No Call,No Call,No Call,No Call,No Call,No Call,No Call,No Call,No Call,No Call,No Call,No Call,No Call,No Call,No Call,No Call,No Call,No Call,No Call,No Call,No Call,No Call,No Call,No Call,No Call,No Call,No Call,No Call,No Call,No Call,No Call,No Call,No Call,No Call,No Call,No Call,No Call,No Call,No Call,No Call,No Call,No Call,No Call,No Call,No Call,No Call,No Call,No Call,No Call,No Call,No Call,No Call,No Call,No Call,No Call,No Call,No Call,No Call,No Call,No Call,No Call,No Call,No Call,No Call,No Call,No Call,No Call,No Call,No Call,No Call,No Call,No Call,No Call,No Call,No Call,No Call,No Call,No Call,No Call,No Call,No Call,No Call,No Call,No Call,No Call,No Call,No Call,No Call,No Call,No Call,No Call,No Call,No Call,No Call,No Call,No Call
85,F6124_6_A_35,XY,YY,XX,XY,YY,XX,XY,XY,YY,YY,XX,XY,XY,YY,YY,YY,XX,XX,XY,XY,XY,YY,XX,XY,XY,XX,XX,XY,XX,YY,YY,YY,XX,XY,XY,XY,XY,XX,XY,YY,YY,XY,XY,XY,XX,XX,XY,XY,XX,YY,YY,XY,XY,XY,XY,XY,YY,XX,XY,XY,XX,XY,YY,XX,XY,XY,XY,YY,XX,YY,XY,XY,YY,XX,YY,XY,YY,XX,XX,XX,XY,No Call,XY,XY,YY,XY,XY,XX,XY,XX,XY,XX,XY,YY,XY,XY
86,F6124_6_A_84,XY,YY,XX,YY,XY,XY,XY,XY,XX,XX,XY,XY,XY,YY,YY,YY,XX,XX,XY,XY,XY,YY,XY,XY,XY,XX,XX,YY,XX,YY,XX,XY,XX,XY,XY,XY,XX,XY,YY,YY,YY,YY,XX,YY,XX,XY,XY,XY,XY,YY,YY,XY,XY,YY,YY,XX,XY,XY,XY,XY,XX,XY,YY,XX,XX,XY,XY,XX,XX,YY,XY,XY,YY,XX,YY,YY,XX,XX,XX,YY,XY,XY,XY,XY,XY,YY,XY,XY,YY,XY,YY,XX,YY,YY,XY,XY
87,F6124_5_A_28,XY,XY,XY,XY,YY,XY,XX,XY,YY,XX,YY,XY,XY,YY,YY,XY,XX,XY,XX,XX,XX,YY,XY,XY,XY,XX,XX,YY,XY,XY,XX,YY,XX,XX,XY,XY,XX,XX,XY,YY,XY,YY,XX,XY,YY,XX,XY,XY,YY,YY,YY,YY,YY,XX,XY,XY,YY,XY,XY,XY,XX,YY,YY,XX,XX,XX,XY,XY,XX,XY,XY,XY,XX,XX,YY,XY,XY,XY,XY,XY,XX,YY,XY,XY,XY,YY,XY,XY,YY,XY,YY,XX,YY,YY,XY,XY
88,F6124_5_A_55,XY,No Call,XY,No Call,XY,XX,XY,XY,XY,XY,XY,XY,XY,XY,YY,YY,No Call,XY,XY,XY,XY,No Call,No Call,No Call,XY,XX,XX,XY,XY,XY,YY,XY,XX,No Call,XY,XY,No Call,No Call,No Call,No Call,No Call,XY,XY,No Call,XY,XX,XY,XY,No Call,YY,XY,XY,XY,XY,No Call,YY,XY,No Call,XY,XY,XY,YY,YY,XX,XX,XY,XY,XY,XY,YY,XY,XY,XY,XX,YY,YY,XY,XY,No Call,XY,XY,YY,XY,XY,XY,YY,YY,XY,XY,XY,No Call,XY,YY,No Call,XY,XY
89,CLR24_6_A_16,XY,XY,XY,XY,YY,XY,YY,XX,XY,XX,XX,XY,XY,XY,YY,YY,XX,XY,YY,XX,XY,XX,XX,XY,XX,XX,XX,XY,XY,XX,XY,XY,XX,XY,XY,XY,XX,XY,XY,YY,XY,XY,XX,XY,XX,XX,XY,XY,YY,YY,YY,XX,XX,YY,XY,YY,XY,XX,XY,XY,XY,XX,XY,XX,XX,XY,XY,XY,YY,YY,XY,XY,XY,XY,YY,YY,XY,YY,XX,YY,YY,XY,XY,XY,XX,XY,XY,XY,YY,XY,XY,XX,XY,YY,XY,XY
90,KNL24_5_A_1,YY,YY,XY,XY,YY,XY,XY,XY,XY,XX,YY,YY,YY,YY,YY,YY,XX,XX,YY,YY,XX,YY,XY,YY,XY,XY,XX,XY,XY,YY,XY,XY,XX,XY,XX,YY,XY,XX,XX,YY,YY,YY,XX,YY,XY,YY,XX,YY,XY,YY,YY,XX,XY,XY,XX,XY,XY,XY,XX,YY,XX,XY,XY,XY,XX,XY,XX,YY,XY,YY,XX,YY,YY,XX,YY,XY,YY,XX,No Call,XY,XY,YY,XX,YY,XX,YY,XY,XY,XY,XY,XX,XX,XY,YY,XX,YY
91,F1724_6_A_5,XY,YY,XY,YY,XY,XY,XX,YY,YY,XX,YY,XY,XY,YY,YY,YY,XY,YY,XY,XX,XX,YY,YY,XY,YY,XY,XX,XY,XY,XX,XX,XY,XY,XX,XY,XY,XX,XX,XY,YY,XY,YY,XX,YY,XX,XX,XY,XY,XY,YY,YY,XY,XX,XY,XY,YY,XX,XX,XY,XY,YY,YY,XX,XX,XY,XX,XY,XY,XY,YY,XY,XY,XY,XX,YY,XY,XX,XY,XX,XY,XX,YY,XY,XY,XX,XY,YY,YY,XX,XX,YY,YY,YY,XY,XY,XY
92,CLR24_5_A_17,XY,YY,XX,XY,XX,YY,XY,YY,XY,XX,XY,XY,XY,YY,YY,YY,XX,YY,YY,XY,XY,YY,XY,XY,XY,XX,XX,YY,XY,XX,XY,XY,XX,XX,XY,XY,XY,XY,YY,YY,YY,YY,XX,XY,XX,XX,XY,XY,XY,YY,YY,XY,XY,XX,YY,XY,XY,XY,XY,XY,XX,XX,XY,XX,XX,XY,YY,XY,XX,YY,XY,XY,XY,XX,YY,XY,YY,XX,YY,YY,XX,XY,XY,XY,YY,XY,YY,XX,XY,XY,YY,YY,YY,YY,XY,XY
93,MIL24_6_A_7,XY,YY,XY,YY,XY,XX,YY,YY,XY,XX,YY,XY,XY,YY,XY,YY,XX,XY,XY,XX,XX,YY,XX,XY,XY,XX,XX,XY,XX,XY,YY,XX,XX,XY,XY,XY,XX,XY,XX,YY,XY,XY,XX,YY,XX,XX,XY,XY,XX,YY,YY,XY,XY,XY,XY,YY,XX,YY,XY,XY,XX,XY,YY,XX,YY,XY,XX,YY,XY,YY,XY,XY,XY,XX,YY,YY,XX,XX,XX,XY,XY,XY,XY,XY,XX,XY,YY,XY,YY,YY,XY,XX,YY,YY,XY,XY
94,C240359SWP,YY,XX,XX,XX,XY,XX,XY,XX,XX,XX,XY,YY,XY,XX,XX,XY,XY,XX,XY,XY,No Call,XY,YY,XY,YY,YY,XY,XY,YY,XX,No Call,YY,XX,XX,XX,XY,XX,YY,XX,XX,YY,XY,XX,YY,XX,XY,XX,XY,No Call,XX,XX,XY,XY,XX,XX,XY,YY,No Call,XX,YY,XX,XX,XY,XY,YY,XX,YY,YY,XX,XY,XX,YY,XX,XY,XY,XX,XX,XX,XX,XX,XX,XY,XX,YY,XX,XY,YY,XY,YY,YY,XY,XX,YY,XY,XX,YY
95,C241237CVP,YY,YY,XX,XY,XX,XX,YY,XY,XX,XX,XY,YY,XY,YY,YY,YY,XX,XX,XY,XY,XY,XY,YY,XY,XY,XX,XX,XY,XX,XX,YY,YY,XX,XY,XX,XY,XX,XY,XX,YY,YY,YY,XX,YY,XX,XY,XX,XY,YY,YY,YY,XX,XY,XY,XY,XX,XY,XY,XX,YY,XX,YY,YY,XX,XX,XY,XY,XY,XY,YY,XX,YY,XY,XX,YY,YY,XY,XX,XY,YY,XY,XY,XX,YY,XX,YY,YY,YY,XY,YY,XX,XY,No Call,YY,XX,YY
96,Neg,NTC,NTC,NTC,NTC,NTC,NTC,NTC,NTC,Invalid,NTC,NTC,Invalid,NTC,NTC,NTC,NTC,NTC,NTC,NTC,NTC,NTC,NTC,NTC,Invalid,NTC,NTC,NTC,NTC,NTC,NTC,NTC,NTC,NTC,NTC,NTC,NTC,NTC,NTC,NTC,NTC,NTC,NTC,NTC,NTC,NTC,Invalid,NTC,NTC,NTC,NTC,NTC,NTC,NTC,NTC,NTC,NTC,NTC,NTC,NTC,Invalid,NTC,NTC,NTC,NTC,NTC,NTC,NTC,NTC,NTC,NTC,NTC,NTC,NTC,NTC,NTC,NTC,NTC,NTC,Invalid,NTC,NTC,NTC,NTC,NTC,NTC,NTC,NTC,NTC,NTC,NTC,NTC,NTC,NTC,NTC,NTC,NTC
